Order_ID,Date,Customer_ID,Product_Name,Category,Quantity,Unit_Price,Discount_Percent,Return_Status,Revenue
ORD-2025-1001,2025-10-16,CUST-394,Screen Guard for Smartwatch,Wearables,3,8.0,0.15,Completed,20.4
ORD-2025-1002,2025-08-28,CUST-148,Noise-Canceling Headphones,Audio,1,149.0,0.0,Completed,149.0
ORD-2025-1003,2025-01-12,CUST-338,Noise-Canceling Headphones,Audio,1,149.0,0.05,Completed,141.55
ORD-2025-1004,2025-09-12,CUST-232,Screen Protector,Mobile Accessories,1,10.0,0.0,Completed,10.0
ORD-2025-1005,2025-07-22,CUST-322,Screen Guard for Smartwatch,Wearables,1,8.0,0.05,Completed,7.6
ORD-2025-1005-A,2025-02-18,CUST-111,1TB External SSD,Storage,1,110.0,0.0,Completed,110.0
ORD-2025-1007,2025-05-15,CUST-212,Replacement Watch Band,Wearables,1,15.0,0.0,Completed,15.0
ORD-2025-1008,2025-05-07,CUST-250,Wireless Charger,Mobile Accessories,1,35.0,0.0,Completed,35.0
ORD-2025-1009,2025-07-16,CUST-163,Wireless Earbuds,Audio,1,79.0,0.0,Completed,79.0
ORD-2025-1010,2025-10-03,CUST-316,Phone Case,Mobile Accessories,2,15.0,0.0,Completed,30.0
ORD-2025-1011,2025-05-07,CUST-222,Wireless Earbuds,Audio,1,79.0,0.0,Completed,79.0
ORD-2025-1012,2025-12-07,CUST-384,Wireless Charger,Mobile Accessories,2,35.0,0.05,Completed,66.5
ORD-2025-1013,2025-11-30,CUST-109,Wireless Earbuds,Audio,1,79.0,0.05,Completed,75.05
ORD-2025-1014,2025-04-01,CUST-317,Wireless Earbuds,Audio,2,79.0,0.1,Completed,142.2
ORD-2025-1015,2025-01-15,CUST-281,Wireless Charger,Mobile Accessories,3,35.0,0.15,Completed,89.25
ORD-2025-1016,2025-09-19,CUST-103,Screen Guard for Smartwatch,Wearables,1,8.0,0.0,Completed,8.0
ORD-2025-1017,2025-11-23,CUST-205,1TB External SSD,Storage,2,110.0,0.0,Completed,220.0
ORD-2025-1018,2025-10-30,CUST-218,HDMI 2.1 Cable (2m),Cables,1,18.0,0.05,Completed,17.1
ORD-2025-1019,2025-01-16,CUST-224,Screen Protector,Mobile Accessories,2,10.0,0.0,Completed,20.0
ORD-2025-1020,2025-09-06,CUST-123,Phone Case,Mobile Accessories,1,15.0,0.0,Completed,15.0
ORD-2025-1021,2025-03-14,CUST-387,64GB USB Flash Drive,Storage,2,12.0,0.0,Returned,24.0
ORD-2025-1022,2025-06-06,CUST-380,Screen Protector,Mobile Accessories,3,10.0,0.0,Completed,30.0
ORD-2025-1023,2025-03-24,CUST-192,Phone Case,Mobile Accessories,2,15.0,0.0,Completed,30.0
ORD-2025-1024,2025-03-06,CUST-226,USB-C Fast Cable (1m),Cables,1,12.0,0.0,Completed,12.0
ORD-2025-1025,2025-01-20,CUST-339,Smart Watch Sport,Wearables,1,199.0,0.1,Completed,179.1
ORD-2025-1026,2025-12-05,CUST-112,2TB HDD Backup,Storage,1,75.0,0.1,Completed,67.5
ORD-2025-1027,2025-09-25,CUST-397,Multi-Port USB Hub,Cables,2,45.0,0.05,Completed,85.5
ORD-2025-1028,2025-04-10,CUST-307,Phone Case,Mobile Accessories,1,15.0,0.0,Completed,15.0
ORD-2025-1029,2025-04-18,CUST-287,Studio Mic,Audio,1,85.0,0.0,Completed,85.0
ORD-2025-1030,2025-02-09,CUST-348,Studio Mic,Audio,1,85.0,0.0,Completed,85.0
ORD-2025-1031,2025-05-14,CUST-181,1TB External SSD,Storage,1,110.0,0.0,Completed,110.0
ORD-2025-1032,2025-04-05,CUST-142,Noise-Canceling Headphones,Audio,1,149.0,0.0,Completed,149.0
ORD-2025-1033,2025-05-10,CUST-215,Screen Protector,Mobile Accessories,1,10.0,0.0,Completed,10.0
ORD-2025-1034,2025-01-24,CUST-116,HDMI 2.1 Cable (2m),Cables,4,18.0,0.0,Completed,72.0
ORD-2025-1035,2025-09-12,CUST-253,1TB External SSD,Storage,5,110.0,0.0,Completed,550.0
ORD-2025-1036,2025-11-02,CUST-239,128GB MicroSD Card,Storage,2,22.0,0.0,Completed,44.0
ORD-2025-1037,2025-10-22,CUST-384,Studio Mic,Audio,2,85.0,0.05,Completed,161.5
ORD-2025-1038,2025-03-04,CUST-357,Screen Protector,Mobile Accessories,1,10.0,0.0,Completed,10.0
ORD-2025-1039,2025-08-30,CUST-237,Magnetic Phone Mount,Mobile Accessories,2,20.0,0.0,Completed,40.0
ORD-2025-1040,2025-04-20,CUST-139,Noise-Canceling Headphones,Audio,3,149.0,0.0,Returned,447.0
ORD-2025-1041,2025-06-15,CUST-210,Phone Case,Mobile Accessories,1,15.0,0.0,Completed,15.0
ORD-2025-1042,2025-03-27,CUST-247,Studio Mic,Audio,1,85.0,0.0,Completed,85.0
ORD-2025-1043,2025-09-26,CUST-321,Bluetooth Speaker,Audio,1,55.0,0.05,Completed,52.25
ORD-2025-1044,2025-01-21,CUST-391,Fitness Tracker,Wearables,1,49.0,0.0,Completed,49.0
ORD-2025-1045,2025-05-18,CUST-298,Noise-Canceling Headphones,Audio,1,149.0,0.1,Completed,134.1
ORD-2025-1046,2025-10-12,CUST-385,Wireless Earbuds,Audio,1,79.0,0.05,Returned,75.05
ORD-2025-1047,2025-02-26,CUST-256,Screen Guard for Smartwatch,Wearables,1,8.0,0.0,Completed,8.0
ORD-2025-1048,2025-04-07,CUST-176,Magnetic Phone Mount,Mobile Accessories,1,20.0,0.0,Completed,20.0
ORD-2025-1049,2025-10-22,CUST-148,1TB External SSD,Storage,1,110.0,0.0,Completed,110.0
ORD-2025-1050,2025-01-16,CUST-361,2TB HDD Backup,Storage,1,75.0,0.05,Completed,71.25
ORD-2025-1051,2025-03-09,CUST-126,Smart Watch Sport,Wearables,2,199.0,0.0,Completed,398.0
ORD-2025-1052,2025-07-22,CUST-250,Noise-Canceling Headphones,Audio,3,149.0,0.0,Completed,447.0
ORD-2025-1053,2025-02-23,CUST-150,HDMI 2.1 Cable (2m),Cables,3,18.0,0.0,Completed,54.0
ORD-2025-1054,2025-08-23,CUST-140,Screen Protector,Mobile Accessories,2,10.0,0.0,Completed,20.0
ORD-2025-1055,2025-11-24,CUST-130,Replacement Watch Band,Wearables,1,15.0,0.0,Completed,15.0
ORD-2025-1056,2025-10-31,CUST-229,Screen Guard for Smartwatch,Wearables,1,8.0,0.0,Completed,8.0
ORD-2025-1057,2025-07-18,CUST-380,1TB External SSD,Storage,1,110.0,0.0,Completed,110.0
ORD-2025-1058,2025-01-05,CUST-320,Screen Protector,Mobile Accessories,1,10.0,0.0,Returned,10.0
ORD-2025-1059,2025-05-10,CUST-115,Smart Watch Sport,Wearables,2,199.0,0.15,Completed,338.3
ORD-2025-1060,2025-02-16,CUST-121,HDMI 2.1 Cable (2m),Cables,1,18.0,0.0,Completed,18.0
ORD-2025-1061,2025-12-18,CUST-207,Smart Watch Sport,Wearables,2,199.0,0.0,Completed,398.0
ORD-2025-1062,2025-04-17,CUST-155,Smart Watch Sport,Wearables,2,199.0,0.0,Completed,398.0
ORD-2025-1063,2025-06-07,CUST-398,HDMI 2.1 Cable (2m),Cables,1,18.0,0.0,Completed,18.0
ORD-2025-1064,2025-01-30,CUST-271,1TB External SSD,Storage,1,110.0,0.05,Completed,104.5
ORD-2025-1065,2025-11-20,CUST-316,Wireless Earbuds,Audio,1,79.0,0.0,Returned,79.0
ORD-2025-1066,2025-08-28,CUST-189,64GB USB Flash Drive,Storage,1,12.0,0.1,Completed,10.8
ORD-2025-1067,2025-01-20,CUST-346,64GB USB Flash Drive,Storage,2,12.0,0.0,Completed,24.0
ORD-2025-1068,2025-05-21,CUST-352,Screen Guard for Smartwatch,Wearables,1,8.0,0.0,Completed,8.0
ORD-2025-1069,2025-05-16,CUST-236,Noise-Canceling Headphones,Audio,1,149.0,0.0,Completed,149.0
ORD-2025-1070,2025-11-09,CUST-397,Wireless Charger,Mobile Accessories,3,35.0,0.15,Completed,89.25
ORD-2025-1071,2025-01-13,CUST-336,HDMI 2.1 Cable (2m),Cables,1,18.0,0.0,Completed,18.0
ORD-2025-1072,2025-08-29,CUST-126,Multi-Port USB Hub,Cables,1,45.0,0.0,Completed,45.0
ORD-2025-1073,2025-06-14,CUST-113,Bluetooth Speaker,Audio,1,55.0,0.0,Completed,55.0
ORD-2025-1074,2025-03-02,CUST-350,Screen Protector,Mobile Accessories,1,10.0,0.05,Completed,9.5
ORD-2025-1075,2025-11-11,CUST-148,128GB MicroSD Card,Storage,2,22.0,0.0,Completed,44.0
ORD-2025-1076,2025-04-14,CUST-366,64GB USB Flash Drive,Storage,1,12.0,0.0,Completed,12.0
ORD-2025-1077,2025-06-23,CUST-357,Lightning Cable,Cables,1,15.0,0.0,Completed,15.0
ORD-2025-1078,2025-01-08,CUST-123,Bluetooth Speaker,Audio,2,55.0,0.0,Completed,110.0
ORD-2025-1079,2025-08-07,CUST-328,64GB USB Flash Drive,Storage,1,12.0,0.0,Completed,12.0
ORD-2025-1080,2025-12-31,CUST-162,Wireless Earbuds,Audio,2,79.0,0.1,Returned,142.2
ORD-2025-1081,2025-08-30,CUST-260,2TB HDD Backup,Storage,1,75.0,0.0,Completed,75.0
ORD-2025-1082,2025-07-26,CUST-102,Lightning Cable,Cables,2,15.0,0.0,Returned,30.0
ORD-2025-1083,2025-11-10,CUST-265,Phone Case,Mobile Accessories,1,15.0,0.0,Completed,15.0
ORD-2025-1084,2025-12-24,CUST-360,Phone Case,Mobile Accessories,2,15.0,0.0,Completed,30.0
ORD-2025-1085,2025-06-24,CUST-380,Lightning Cable,Cables,1,15.0,0.05,Completed,14.25
ORD-2025-1086,2025-10-29,CUST-120,Screen Protector,Mobile Accessories,1,10.0,0.0,Completed,10.0
ORD-2025-1087,2025-08-30,CUST-226,Studio Mic,Audio,1,85.0,0.05,Returned,80.75
ORD-2025-1088,2025-01-21,CUST-307,1TB External SSD,Storage,2,110.0,0.15,Completed,187.0
ORD-2025-1089,2025-01-24,CUST-133,Smart Watch Sport,Wearables,1,199.0,0.0,Completed,199.0
ORD-2025-1090,2025-02-17,CUST-315,2TB HDD Backup,Storage,4,75.0,0.0,Completed,300.0
ORD-2025-1091,2025-03-07,CUST-398,Fitness Tracker,Wearables,1,49.0,0.15,Completed,41.65
ORD-2025-1092,2025-11-17,CUST-333,2TB HDD Backup,Storage,1,75.0,0.0,Completed,75.0
ORD-2025-1093,2025-10-12,CUST-347,Bluetooth Speaker,Audio,3,55.0,0.0,Completed,165.0
ORD-2025-1094,2025-02-01,CUST-120,Screen Guard for Smartwatch,Wearables,1,8.0,0.0,Completed,8.0
ORD-2025-1095,2025-07-16,CUST-221,128GB MicroSD Card,Storage,2,22.0,0.0,Completed,44.0
ORD-2025-1096,2025-01-26,CUST-277,Screen Protector,Mobile Accessories,1,10.0,0.0,Completed,10.0
ORD-2025-1097,2025-04-28,CUST-270,Screen Guard for Smartwatch,Wearables,1,8.0,0.1,Completed,7.2
ORD-2025-1098,2025-07-07,CUST-256,Screen Guard for Smartwatch,Wearables,1,8.0,0.0,Completed,8.0
ORD-2025-1099,2025-04-14,CUST-368,Magnetic Phone Mount,Mobile Accessories,1,20.0,0.05,Completed,19.0
ORD-2025-1100,2025-05-15,CUST-393,128GB MicroSD Card,Storage,1,22.0,0.0,Completed,22.0
ORD-2025-1101,2025-08-30,CUST-395,Phone Case,Mobile Accessories,2,15.0,0.0,Completed,30.0
ORD-2025-1102,2025-07-05,CUST-275,HDMI 2.1 Cable (2m),Cables,2,18.0,0.0,Completed,36.0
ORD-2025-1103,2025-08-07,CUST-194,128GB MicroSD Card,Storage,5,22.0,0.0,Completed,110.0
ORD-2025-1104,2025-02-27,CUST-252,Magnetic Phone Mount,Mobile Accessories,2,20.0,0.0,Completed,40.0
ORD-2025-1105,2025-06-20,CUST-338,Smart Watch Sport,Wearables,1,199.0,0.0,Completed,199.0
ORD-2025-1106,2025-03-21,CUST-335,Screen Protector,Mobile Accessories,2,10.0,0.0,Completed,20.0
ORD-2025-1107,2025-05-20,CUST-318,Lightning Cable,Cables,5,15.0,0.0,Completed,75.0
ORD-2025-1108,2025-11-30,CUST-314,64GB USB Flash Drive,Storage,2,12.0,0.0,Returned,24.0
ORD-2025-1109,2025-11-01,CUST-183,Bluetooth Speaker,Audio,3,55.0,0.0,Completed,165.0
ORD-2025-1110,2025-09-24,CUST-208,2TB HDD Backup,Storage,5,75.0,0.0,Completed,375.0
ORD-2025-1111,2025-07-30,CUST-376,2TB HDD Backup,Storage,2,75.0,0.0,Completed,150.0
ORD-2025-1112,2025-11-27,CUST-335,Fitness Tracker,Wearables,1,49.0,0.0,Completed,49.0
ORD-2025-1113,2025-07-01,CUST-139,Screen Protector,Mobile Accessories,3,10.0,0.0,Completed,30.0
ORD-2025-1114,2025-09-11,CUST-277,HDMI 2.1 Cable (2m),Cables,1,18.0,0.0,Returned,18.0
ORD-2025-1115,2025-04-17,CUST-341,Fitness Tracker,Wearables,1,49.0,0.0,Completed,49.0
ORD-2025-1116,2025-03-19,CUST-115,Studio Mic,Audio,4,85.0,0.0,Completed,340.0
ORD-2025-1117,2025-08-31,CUST-112,Screen Protector,Mobile Accessories,2,10.0,0.05,Completed,19.0
ORD-2025-1118,2025-06-27,CUST-262,Bluetooth Speaker,Audio,3,55.0,0.0,Completed,165.0
ORD-2025-1119,2025-01-12,CUST-336,Multi-Port USB Hub,Cables,2,45.0,0.0,Completed,90.0
ORD-2025-1120,2025-01-27,CUST-236,Bluetooth Speaker,Audio,1,55.0,0.0,Completed,55.0
ORD-2025-1121,2025-06-24,CUST-259,Replacement Watch Band,Wearables,1,15.0,0.0,Completed,15.0
ORD-2025-1122,2025-01-23,CUST-263,Phone Case,Mobile Accessories,1,15.0,0.05,Completed,14.25
ORD-2025-1123,2025-10-28,CUST-169,Bluetooth Speaker,Audio,2,55.0,0.0,Completed,110.0
ORD-2025-1124,2025-01-15,CUST-290,Magnetic Phone Mount,Mobile Accessories,2,20.0,0.05,Completed,38.0
ORD-2025-1125,2025-09-13,CUST-135,128GB MicroSD Card,Storage,2,22.0,0.0,Completed,44.0
ORD-2025-1126,2025-02-13,CUST-240,2TB HDD Backup,Storage,4,75.0,0.0,Completed,300.0
ORD-2025-1127,2025-11-20,CUST-305,Replacement Watch Band,Wearables,4,15.0,0.0,Returned,60.0
ORD-2025-1128,2025-04-23,CUST-186,Multi-Port USB Hub,Cables,1,45.0,0.0,Completed,45.0
ORD-2025-1129,2025-11-19,CUST-287,Studio Mic,Audio,1,85.0,0.1,Completed,76.5
ORD-2025-1130,2025-12-31,CUST-322,Replacement Watch Band,Wearables,3,15.0,0.05,Completed,42.75
ORD-2025-1131,2025-06-11,CUST-289,Fitness Tracker,Wearables,1,49.0,0.0,Completed,49.0
ORD-2025-1132,2025-11-11,CUST-279,Wireless Earbuds,Audio,1,79.0,0.0,Completed,79.0
ORD-2025-1133,2025-05-12,CUST-374,Bluetooth Speaker,Audio,2,55.0,0.0,Completed,110.0
ORD-2025-1134,2025-08-09,CUST-365,HDMI 2.1 Cable (2m),Cables,1,18.0,0.05,Completed,17.1
ORD-2025-1135,2025-12-20,CUST-206,Noise-Canceling Headphones,Audio,2,149.0,0.0,Completed,298.0
ORD-2025-1136,2025-12-30,CUST-270,1TB External SSD,Storage,2,110.0,0.0,Completed,220.0
ORD-2025-1137,2025-10-15,CUST-308,Studio Mic,Audio,1,85.0,0.05,Returned,80.75
ORD-2025-1138,2025-08-10,CUST-316,Lightning Cable,Cables,5,15.0,0.05,Completed,71.25
ORD-2025-1139,2025-11-11,CUST-125,HDMI 2.1 Cable (2m),Cables,1,18.0,0.15,Completed,15.3
ORD-2025-1140,2025-04-22,CUST-291,2TB HDD Backup,Storage,3,75.0,0.0,Completed,225.0
ORD-2025-1141,2025-10-15,CUST-314,Multi-Port USB Hub,Cables,1,45.0,0.0,Completed,45.0
ORD-2025-1142,2025-02-23,CUST-212,Noise-Canceling Headphones,Audio,1,149.0,0.0,Completed,149.0
ORD-2025-1143,2025-05-30,CUST-349,USB-C Fast Cable (1m),Cables,2,12.0,0.05,Completed,22.8
ORD-2025-1144,2025-08-29,CUST-368,Fitness Tracker,Wearables,1,49.0,0.0,Completed,49.0
ORD-2025-1145,2025-04-02,CUST-271,Magnetic Phone Mount,Mobile Accessories,2,20.0,0.05,Completed,38.0
ORD-2025-1146,2025-12-09,CUST-380,Bluetooth Speaker,Audio,1,55.0,0.0,Completed,55.0
ORD-2025-1147,2025-04-28,CUST-248,Studio Mic,Audio,1,85.0,0.1,Completed,76.5
ORD-2025-1148,2025-03-02,CUST-300,Screen Protector,Mobile Accessories,1,10.0,0.0,Completed,10.0
ORD-2025-1149,2025-01-15,CUST-231,HDMI 2.1 Cable (2m),Cables,1,18.0,0.1,Completed,16.2
ORD-2025-1150,2025-01-03,CUST-383,Smart Watch Sport,Wearables,2,199.0,0.15,Completed,338.3
ORD-2025-1151,2025-05-05,CUST-303,Magnetic Phone Mount,Mobile Accessories,2,20.0,0.1,Completed,36.0
ORD-2025-1152,2025-12-12,CUST-373,Wireless Charger,Mobile Accessories,1,35.0,0.05,Completed,33.25
ORD-2025-1153,2025-08-21,CUST-248,Bluetooth Speaker,Audio,3,55.0,0.05,Completed,156.75
ORD-2025-1154,2025-01-04,CUST-360,Wireless Earbuds,Audio,2,79.0,0.1,Completed,142.2
ORD-2025-1155,2025-04-11,CUST-240,Phone Case,Mobile Accessories,2,15.0,0.0,Completed,30.0
ORD-2025-1156,2025-11-22,CUST-206,Studio Mic,Audio,1,85.0,0.1,Completed,76.5
ORD-2025-1157,2025-08-30,CUST-209,Screen Protector,Mobile Accessories,2,10.0,0.0,Completed,20.0
ORD-2025-1158,2025-10-15,CUST-369,Wireless Earbuds,Audio,1,79.0,0.05,Completed,75.05
ORD-2025-1159,2025-01-15,CUST-366,Noise-Canceling Headphones,Audio,2,149.0,0.1,Completed,268.2
ORD-2025-1160,2025-07-02,CUST-269,HDMI 2.1 Cable (2m),Cables,1,18.0,0.1,Completed,16.2
ORD-2025-1161,2025-11-10,CUST-283,2TB HDD Backup,Storage,1,75.0,0.0,Completed,75.0
ORD-2025-1162,2025-09-05,CUST-300,128GB MicroSD Card,Storage,1,22.0,0.1,Completed,19.8
ORD-2025-1163,2025-03-11,CUST-318,Replacement Watch Band,Wearables,3,15.0,0.0,Completed,45.0
ORD-2025-1164,2025-09-18,CUST-275,HDMI 2.1 Cable (2m),Cables,1,18.0,0.0,Completed,18.0
ORD-2025-1165,2025-06-11,CUST-262,Wireless Earbuds,Audio,1,79.0,0.05,Completed,75.05
ORD-2025-1166,2025-02-01,CUST-279,Magnetic Phone Mount,Mobile Accessories,1,20.0,0.0,Completed,20.0
ORD-2025-1167,2025-09-06,CUST-287,Screen Protector,Mobile Accessories,1,10.0,0.0,Completed,10.0
ORD-2025-1168,2025-11-23,CUST-247,HDMI 2.1 Cable (2m),Cables,1,18.0,0.1,Completed,16.2
ORD-2025-1169,2025-04-09,CUST-225,HDMI 2.1 Cable (2m),Cables,1,18.0,0.05,Completed,17.1
ORD-2025-1170,2025-04-16,CUST-119,Phone Case,Mobile Accessories,2,15.0,0.15,Completed,25.5
ORD-2025-1171,2025-07-13,CUST-298,64GB USB Flash Drive,Storage,1,12.0,0.0,Completed,12.0
ORD-2025-1172,2025-06-30,CUST-277,Studio Mic,Audio,1,85.0,0.0,Completed,85.0
ORD-2025-1173,2025-11-21,CUST-362,Multi-Port USB Hub,Cables,2,45.0,0.1,Completed,81.0
ORD-2025-1174,2025-05-31,CUST-183,Bluetooth Speaker,Audio,1,55.0,0.0,Completed,55.0
ORD-2025-1175,2025-02-08,CUST-201,64GB USB Flash Drive,Storage,2,12.0,0.05,Completed,22.8
ORD-2025-1176,2025-06-27,CUST-281,Magnetic Phone Mount,Mobile Accessories,1,20.0,0.0,Completed,20.0
ORD-2025-1177,2025-09-21,CUST-274,Screen Protector,Mobile Accessories,1,10.0,0.0,Completed,10.0
ORD-2025-1178,2025-06-23,CUST-383,Smart Watch Sport,Wearables,2,199.0,0.15,Completed,338.3
ORD-2025-1179,2025-11-10,CUST-129,64GB USB Flash Drive,Storage,1,12.0,0.0,Completed,12.0
ORD-2025-1180,2025-11-08,CUST-311,Fitness Tracker,Wearables,4,49.0,0.0,Completed,196.0
ORD-2025-1181,2025-05-28,CUST-228,Screen Guard for Smartwatch,Wearables,1,8.0,0.0,Completed,8.0
ORD-2025-1182,2025-08-28,CUST-277,Lightning Cable,Cables,1,15.0,0.0,Completed,15.0
ORD-2025-1183,2025-05-07,CUST-244,Multi-Port USB Hub,Cables,2,45.0,0.1,Completed,81.0
ORD-2025-1184,2025-03-18,CUST-255,128GB MicroSD Card,Storage,5,22.0,0.0,Completed,110.0
ORD-2025-1185,2025-06-02,CUST-201,Screen Protector,Mobile Accessories,1,10.0,0.0,Completed,10.0
ORD-2025-1186,2025-02-26,CUST-100,Lightning Cable,Cables,1,15.0,0.1,Completed,13.5
ORD-2025-1187,2025-04-29,CUST-185,128GB MicroSD Card,Storage,1,22.0,0.05,Returned,20.9
ORD-2025-1188,2025-11-28,CUST-108,Bluetooth Speaker,Audio,2,55.0,0.15,Completed,93.5
ORD-2025-1189,2025-03-01,CUST-284,Phone Case,Mobile Accessories,1,15.0,0.0,Completed,15.0
ORD-2025-1190,2025-10-10,CUST-229,128GB MicroSD Card,Storage,1,22.0,0.0,Completed,22.0
ORD-2025-1191,2025-12-01,CUST-259,Screen Protector,Mobile Accessories,2,10.0,0.0,Completed,20.0
ORD-2025-1192,2025-04-02,CUST-109,Wireless Earbuds,Audio,1,79.0,0.0,Completed,79.0
ORD-2025-1193,2025-07-23,CUST-157,Phone Case,Mobile Accessories,3,15.0,0.0,Completed,45.0
ORD-2025-1194,2025-06-23,CUST-261,Lightning Cable,Cables,1,15.0,0.05,Completed,14.25
ORD-2025-1195,2025-08-02,CUST-150,Lightning Cable,Cables,1,15.0,0.0,Completed,15.0
ORD-2025-1196,2025-03-05,CUST-276,USB-C Fast Cable (1m),Cables,2,12.0,0.05,Completed,22.8
ORD-2025-1197,2025-08-12,CUST-293,Wireless Charger,Mobile Accessories,2,35.0,0.0,Completed,70.0
ORD-2025-1198,2025-11-29,CUST-116,Screen Protector,Mobile Accessories,4,10.0,0.0,Completed,40.0
ORD-2025-1199,2025-10-16,CUST-321,Wireless Charger,Mobile Accessories,1,35.0,0.0,Completed,35.0
ORD-2025-1200,2025-09-22,CUST-243,Fitness Tracker,Wearables,1,49.0,0.0,Completed,49.0
ORD-2025-1201,2025-05-07,CUST-346,64GB USB Flash Drive,Storage,1,12.0,0.0,Completed,12.0
ORD-2025-1202,2025-12-08,CUST-193,Screen Protector,Mobile Accessories,1,10.0,0.0,Completed,10.0
ORD-2025-1203,2025-02-03,CUST-117,Studio Mic,Audio,1,85.0,0.0,Completed,85.0
ORD-2025-1204,2025-04-11,CUST-300,64GB USB Flash Drive,Storage,3,12.0,0.0,Completed,36.0
ORD-2025-1205,2025-09-06,CUST-322,Screen Protector,Mobile Accessories,1,10.0,0.15,Completed,8.5
ORD-2025-1206,2025-07-20,CUST-151,Noise-Canceling Headphones,Audio,2,149.0,0.0,Completed,298.0
ORD-2025-1207,2025-07-04,CUST-206,Wireless Earbuds,Audio,1,79.0,0.0,Completed,79.0
ORD-2025-1208,2025-09-08,CUST-358,Fitness Tracker,Wearables,1,49.0,0.15,Completed,41.65
ORD-2025-1209,2025-05-30,CUST-233,Smart Watch Sport,Wearables,1,199.0,0.0,Completed,199.0
ORD-2025-1210,2025-09-23,CUST-112,Replacement Watch Band,Wearables,1,15.0,0.0,Completed,15.0
ORD-2025-1211,2025-12-05,CUST-143,128GB MicroSD Card,Storage,1,22.0,0.05,Completed,20.9
ORD-2025-1212,2025-03-30,CUST-329,2TB HDD Backup,Storage,1,75.0,0.0,Completed,75.0
ORD-2025-1213,2025-04-07,CUST-161,Lightning Cable,Cables,1,15.0,0.15,Completed,12.75
ORD-2025-1214,2025-03-03,CUST-170,Magnetic Phone Mount,Mobile Accessories,3,20.0,0.0,Completed,60.0
ORD-2025-1215,2025-01-29,CUST-250,Smart Watch Sport,Wearables,1,199.0,0.1,Completed,179.1
ORD-2025-1216,2025-05-16,CUST-394,Bluetooth Speaker,Audio,1,55.0,0.05,Completed,52.25
ORD-2025-1217,2025-05-16,CUST-154,Studio Mic,Audio,2,85.0,0.05,Completed,161.5
ORD-2025-1218,2025-01-22,CUST-164,Smart Watch Sport,Wearables,1,199.0,0.0,Completed,199.0
ORD-2025-1219,2025-10-14,CUST-185,Multi-Port USB Hub,Cables,1,45.0,0.1,Completed,40.5
ORD-2025-1220,2025-11-29,CUST-221,USB-C Fast Cable (1m),Cables,4,12.0,0.0,Returned,48.0
ORD-2025-1221,2025-06-12,CUST-186,Lightning Cable,Cables,2,15.0,0.0,Completed,30.0
ORD-2025-1222,2025-08-27,CUST-384,Smart Watch Sport,Wearables,3,199.0,0.1,Completed,537.3
ORD-2025-1223,2025-07-07,CUST-269,Screen Protector,Mobile Accessories,1,10.0,0.0,Completed,10.0
ORD-2025-1224,2025-04-24,CUST-140,Screen Guard for Smartwatch,Wearables,1,8.0,0.05,Completed,7.6
ORD-2025-1225,2025-02-20,CUST-383,Wireless Earbuds,Audio,3,79.0,0.05,Completed,225.15
ORD-2025-1226,2025-09-26,CUST-163,Multi-Port USB Hub,Cables,1,45.0,0.0,Completed,45.0
ORD-2025-1227,2025-01-26,CUST-214,1TB External SSD,Storage,1,110.0,0.0,Completed,110.0
ORD-2025-1228,2025-11-27,CUST-322,Lightning Cable,Cables,1,15.0,0.05,Completed,14.25
ORD-2025-1229,2025-09-07,CUST-134,Replacement Watch Band,Wearables,1,15.0,0.0,Completed,15.0
ORD-2025-1230,2025-06-30,CUST-114,Screen Guard for Smartwatch,Wearables,2,8.0,0.1,Completed,14.4
ORD-2025-1231,2025-09-20,CUST-390,Wireless Charger,Mobile Accessories,1,35.0,0.1,Completed,31.5
ORD-2025-1232,2025-10-12,CUST-277,Wireless Charger,Mobile Accessories,1,35.0,0.0,Completed,35.0
ORD-2025-1233,2025-11-26,CUST-321,Bluetooth Speaker,Audio,5,55.0,0.0,Completed,275.0
ORD-2025-1234,2025-08-21,CUST-202,Smart Watch Sport,Wearables,2,199.0,0.05,Completed,378.1
ORD-2025-1235,2025-08-29,CUST-126,64GB USB Flash Drive,Storage,4,12.0,0.0,Completed,48.0
ORD-2025-1236,2025-04-25,CUST-287,Wireless Earbuds,Audio,3,79.0,0.0,Completed,237.0
ORD-2025-1237,2025-04-13,CUST-218,128GB MicroSD Card,Storage,2,22.0,0.15,Completed,37.4
ORD-2025-1238,2025-05-04,CUST-149,USB-C Fast Cable (1m),Cables,2,12.0,0.1,Completed,21.6
ORD-2025-1239,2025-09-08,CUST-301,Wireless Charger,Mobile Accessories,5,35.0,0.0,Completed,175.0
ORD-2025-1240,2025-06-28,CUST-382,1TB External SSD,Storage,2,110.0,0.0,Completed,220.0
ORD-2025-1241,2025-08-19,CUST-332,Replacement Watch Band,Wearables,3,15.0,0.0,Completed,45.0
ORD-2025-1242,2025-12-19,CUST-372,Bluetooth Speaker,Audio,2,55.0,0.05,Completed,104.5
ORD-2025-1243,2025-09-07,CUST-190,Lightning Cable,Cables,4,15.0,0.05,Completed,57.0
ORD-2025-1244,2025-07-29,CUST-351,Noise-Canceling Headphones,Audio,1,149.0,0.05,Completed,141.55
ORD-2025-1245,2025-12-24,CUST-317,Wireless Charger,Mobile Accessories,2,35.0,0.15,Completed,59.5
ORD-2025-1246,2025-08-21,CUST-224,Magnetic Phone Mount,Mobile Accessories,3,20.0,0.0,Completed,60.0
ORD-2025-1247,2025-09-14,CUST-207,USB-C Fast Cable (1m),Cables,1,12.0,0.15,Completed,10.2
ORD-2025-1248,2025-12-05,CUST-274,Bluetooth Speaker,Audio,1,55.0,0.0,Completed,55.0
ORD-2025-1249,2025-12-26,CUST-355,Lightning Cable,Cables,1,15.0,0.0,Completed,15.0
ORD-2025-1250,2025-01-05,CUST-136,Bluetooth Speaker,Audio,1,55.0,0.0,Completed,55.0
ORD-2025-1251,2025-06-20,CUST-293,Fitness Tracker,Wearables,1,49.0,0.1,Completed,44.1
ORD-2025-1252,2025-04-03,CUST-264,Wireless Earbuds,Audio,5,79.0,0.0,Returned,395.0
ORD-2025-1253,2025-10-18,CUST-238,Fitness Tracker,Wearables,3,49.0,0.05,Completed,139.65
ORD-2025-1254,2025-07-18,CUST-115,Lightning Cable,Cables,1,15.0,0.0,Completed,15.0
ORD-2025-1255,2025-09-14,CUST-255,1TB External SSD,Storage,3,110.0,0.15,Completed,280.5
ORD-2025-1256,2025-12-13,CUST-236,Multi-Port USB Hub,Cables,1,45.0,0.1,Completed,40.5
ORD-2025-1257,2025-02-08,CUST-327,USB-C Fast Cable (1m),Cables,1,12.0,0.0,Completed,12.0
ORD-2025-1258,2025-02-10,CUST-258,Lightning Cable,Cables,3,15.0,0.0,Completed,45.0
ORD-2025-1259,2025-06-12,CUST-231,Screen Protector,Mobile Accessories,1,10.0,0.0,Completed,10.0
ORD-2025-1260,2025-03-04,CUST-253,Screen Guard for Smartwatch,Wearables,2,8.0,0.0,Completed,16.0
ORD-2025-1261,2025-02-11,CUST-326,Fitness Tracker,Wearables,1,49.0,0.0,Completed,49.0
ORD-2025-1262,2025-09-14,CUST-299,1TB External SSD,Storage,4,110.0,0.0,Returned,440.0
ORD-2025-1263,2025-06-07,CUST-234,128GB MicroSD Card,Storage,1,22.0,0.0,Completed,22.0
ORD-2025-1264,2025-03-16,CUST-360,Screen Protector,Mobile Accessories,1,10.0,0.0,Completed,10.0
ORD-2025-1265,2025-06-29,CUST-126,Noise-Canceling Headphones,Audio,2,149.0,0.0,Completed,298.0
ORD-2025-1266,2025-09-24,CUST-290,Magnetic Phone Mount,Mobile Accessories,1,20.0,0.05,Completed,19.0
ORD-2025-1267,2025-05-07,CUST-125,Fitness Tracker,Wearables,3,49.0,0.05,Completed,139.65
ORD-2025-1268,2025-03-04,CUST-126,Magnetic Phone Mount,Mobile Accessories,1,20.0,0.0,Completed,20.0
ORD-2025-1269,2025-12-11,CUST-238,1TB External SSD,Storage,2,110.0,0.0,Completed,220.0
ORD-2025-1270,2025-03-22,CUST-319,Wireless Charger,Mobile Accessories,1,35.0,0.0,Completed,35.0
ORD-2025-1271,2025-08-11,CUST-380,Smart Watch Sport,Wearables,1,199.0,0.0,Completed,199.0
ORD-2025-1272,2025-03-03,CUST-147,64GB USB Flash Drive,Storage,2,12.0,0.0,Completed,24.0
ORD-2025-1273,2025-07-06,CUST-172,Screen Protector,Mobile Accessories,3,10.0,0.05,Completed,28.5
ORD-2025-1274,2025-09-22,CUST-150,Wireless Earbuds,Audio,1,79.0,0.0,Completed,79.0
ORD-2025-1275,2025-12-24,CUST-277,64GB USB Flash Drive,Storage,2,12.0,0.0,Completed,24.0
ORD-2025-1276,2025-07-11,CUST-369,Replacement Watch Band,Wearables,1,15.0,0.0,Completed,15.0
ORD-2025-1277,2025-05-18,CUST-309,USB-C Fast Cable (1m),Cables,3,12.0,0.1,Completed,32.4
ORD-2025-1278,2025-08-04,CUST-400,Fitness Tracker,Wearables,1,49.0,0.0,Completed,49.0
ORD-2025-1279,2025-06-15,CUST-293,2TB HDD Backup,Storage,3,75.0,0.0,Returned,225.0
ORD-2025-1280,2025-05-30,CUST-227,2TB HDD Backup,Storage,1,75.0,0.0,Completed,75.0
ORD-2025-1281,2025-09-07,CUST-386,Lightning Cable,Cables,2,15.0,0.0,Completed,30.0
ORD-2025-1282,2025-12-13,CUST-177,Bluetooth Speaker,Audio,3,55.0,0.0,Completed,165.0
ORD-2025-1283,2025-04-01,CUST-352,Wireless Charger,Mobile Accessories,3,35.0,0.05,Completed,99.75
ORD-2025-1284,2025-01-19,CUST-130,Screen Protector,Mobile Accessories,2,10.0,0.0,Completed,20.0
ORD-2025-1285,2025-08-08,CUST-251,Magnetic Phone Mount,Mobile Accessories,1,20.0,0.0,Completed,20.0
ORD-2025-1286,2025-12-14,CUST-400,Smart Watch Sport,Wearables,2,199.0,0.0,Completed,398.0
ORD-2025-1287,2025-03-29,CUST-332,1TB External SSD,Storage,1,110.0,0.15,Completed,93.5
ORD-2025-1288,2025-07-13,CUST-117,Multi-Port USB Hub,Cables,1,45.0,0.0,Completed,45.0
ORD-2025-1289,2025-10-03,CUST-265,Magnetic Phone Mount,Mobile Accessories,3,20.0,0.0,Completed,60.0
ORD-2025-1290,2025-09-27,CUST-161,Screen Protector,Mobile Accessories,1,10.0,0.0,Completed,10.0
ORD-2025-1291,2025-08-29,CUST-166,128GB MicroSD Card,Storage,1,22.0,0.0,Completed,22.0
ORD-2025-1292,2025-05-20,CUST-224,Fitness Tracker,Wearables,1,49.0,0.05,Completed,46.55
ORD-2025-1293,2025-06-08,CUST-306,Fitness Tracker,Wearables,3,49.0,0.0,Completed,147.0
ORD-2025-1294,2025-05-10,CUST-314,USB-C Fast Cable (1m),Cables,1,12.0,0.05,Returned,11.4
ORD-2025-1295,2025-01-21,CUST-180,Lightning Cable,Cables,1,15.0,0.0,Completed,15.0
ORD-2025-1296,2025-09-07,CUST-259,Noise-Canceling Headphones,Audio,1,149.0,0.05,Completed,141.55
ORD-2025-1297,2025-06-26,CUST-110,HDMI 2.1 Cable (2m),Cables,1,18.0,0.0,Completed,18.0
ORD-2025-1298,2025-09-18,CUST-130,HDMI 2.1 Cable (2m),Cables,1,18.0,0.05,Completed,17.1
ORD-2025-1299,2025-02-19,CUST-295,Magnetic Phone Mount,Mobile Accessories,3,20.0,0.05,Completed,57.0
ORD-2025-1300,2025-07-28,CUST-112,Magnetic Phone Mount,Mobile Accessories,3,20.0,0.0,Completed,60.0
ORD-2025-1301,2025-03-21,CUST-120,Fitness Tracker,Wearables,2,49.0,0.0,Completed,98.0
ORD-2025-1302,2025-08-03,CUST-274,2TB HDD Backup,Storage,1,75.0,0.1,Completed,67.5
ORD-2025-1303,2025-02-12,CUST-372,Lightning Cable,Cables,1,15.0,0.0,Completed,15.0
ORD-2025-1304,2025-11-04,CUST-271,Noise-Canceling Headphones,Audio,2,149.0,0.0,Returned,298.0
ORD-2025-1305,2025-03-02,CUST-348,64GB USB Flash Drive,Storage,1,12.0,0.0,Completed,12.0
ORD-2025-1306,2025-06-07,CUST-368,Smart Watch Sport,Wearables,1,199.0,0.0,Completed,199.0
ORD-2025-1307,2025-01-02,CUST-297,Wireless Earbuds,Audio,1,79.0,0.0,Completed,79.0
ORD-2025-1308,2025-03-14,CUST-174,Screen Protector,Mobile Accessories,2,10.0,0.0,Completed,20.0
ORD-2025-1309,2025-07-27,CUST-353,Multi-Port USB Hub,Cables,1,45.0,0.0,Completed,45.0
ORD-2025-1310,2025-03-04,CUST-272,Studio Mic,Audio,2,85.0,0.0,Completed,170.0
ORD-2025-1311,2025-10-23,CUST-115,2TB HDD Backup,Storage,1,75.0,0.0,Completed,75.0
ORD-2025-1312,2025-11-29,CUST-173,1TB External SSD,Storage,1,110.0,0.0,Completed,110.0
ORD-2025-1313,2025-08-28,CUST-320,Bluetooth Speaker,Audio,2,55.0,0.05,Completed,104.5
ORD-2025-1314,2025-11-30,CUST-127,Screen Protector,Mobile Accessories,1,10.0,0.0,Completed,10.0
ORD-2025-1315,2025-04-16,CUST-266,Screen Protector,Mobile Accessories,2,10.0,0.0,Completed,20.0
ORD-2025-1316,2025-04-14,CUST-399,Replacement Watch Band,Wearables,1,15.0,0.1,Completed,13.5
ORD-2025-1317,2025-02-11,CUST-328,Wireless Charger,Mobile Accessories,1,35.0,0.0,Completed,35.0
ORD-2025-1318,2025-10-20,CUST-259,Multi-Port USB Hub,Cables,2,45.0,0.0,Completed,90.0
ORD-2025-1319,2025-06-30,CUST-349,Screen Guard for Smartwatch,Wearables,5,8.0,0.0,Completed,40.0
ORD-2025-1320,2025-11-09,CUST-225,Fitness Tracker,Wearables,1,49.0,0.0,Completed,49.0
ORD-2025-1321,2025-08-05,CUST-246,Lightning Cable,Cables,2,15.0,0.0,Completed,30.0
ORD-2025-1322,2025-05-27,CUST-154,Phone Case,Mobile Accessories,2,15.0,0.05,Completed,28.5
ORD-2025-1323,2025-08-22,CUST-259,Replacement Watch Band,Wearables,2,15.0,0.0,Completed,30.0
ORD-2025-1324,2025-02-06,CUST-241,Lightning Cable,Cables,1,15.0,0.0,Completed,15.0
ORD-2025-1325,2025-10-22,CUST-265,Wireless Charger,Mobile Accessories,2,35.0,0.0,Completed,70.0
ORD-2025-1326,2025-02-16,CUST-212,USB-C Fast Cable (1m),Cables,1,12.0,0.1,Completed,10.8
ORD-2025-1327,2025-03-03,CUST-252,64GB USB Flash Drive,Storage,1,12.0,0.0,Completed,12.0
ORD-2025-1328,2025-01-01,CUST-359,Noise-Canceling Headphones,Audio,2,149.0,0.0,Completed,298.0
ORD-2025-1329,2025-12-02,CUST-158,Wireless Charger,Mobile Accessories,2,35.0,0.05,Completed,66.5
ORD-2025-1330,2025-06-04,CUST-170,USB-C Fast Cable (1m),Cables,1,12.0,0.15,Completed,10.2
ORD-2025-1331,2025-12-29,CUST-280,Replacement Watch Band,Wearables,1,15.0,0.05,Completed,14.25
ORD-2025-1332,2025-05-25,CUST-140,HDMI 2.1 Cable (2m),Cables,2,18.0,0.05,Completed,34.2
ORD-2025-1333,2025-06-12,CUST-273,HDMI 2.1 Cable (2m),Cables,2,18.0,0.0,Completed,36.0
ORD-2025-1334,2025-01-14,CUST-242,Studio Mic,Audio,2,85.0,0.0,Completed,170.0
ORD-2025-1335,2025-03-07,CUST-208,128GB MicroSD Card,Storage,2,22.0,0.05,Completed,41.8
ORD-2025-1336,2025-12-21,CUST-260,1TB External SSD,Storage,3,110.0,0.0,Completed,330.0
ORD-2025-1337,2025-08-18,CUST-272,Noise-Canceling Headphones,Audio,1,149.0,0.0,Completed,149.0
ORD-2025-1338,2025-03-18,CUST-327,Phone Case,Mobile Accessories,1,15.0,0.0,Completed,15.0
ORD-2025-1339,2025-07-21,CUST-234,Phone Case,Mobile Accessories,1,15.0,0.0,Completed,15.0
ORD-2025-1340,2025-02-08,CUST-102,Bluetooth Speaker,Audio,1,55.0,0.0,Completed,55.0
ORD-2025-1341,2025-02-03,CUST-357,HDMI 2.1 Cable (2m),Cables,1,18.0,0.0,Completed,18.0
ORD-2025-1342,2025-05-14,CUST-380,1TB External SSD,Storage,1,110.0,0.0,Completed,110.0
ORD-2025-1343,2025-09-17,CUST-305,Noise-Canceling Headphones,Audio,2,149.0,0.0,Completed,298.0
ORD-2025-1344,2025-03-12,CUST-198,Magnetic Phone Mount,Mobile Accessories,2,20.0,0.0,Completed,40.0
ORD-2025-1345,2025-07-07,CUST-238,Fitness Tracker,Wearables,1,49.0,0.0,Completed,49.0
ORD-2025-1346,2025-05-11,CUST-115,USB-C Fast Cable (1m),Cables,1,12.0,0.0,Returned,12.0
ORD-2025-1347,2025-09-07,CUST-287,Phone Case,Mobile Accessories,3,15.0,0.0,Completed,45.0
ORD-2025-1348,2025-09-04,CUST-305,2TB HDD Backup,Storage,2,75.0,0.1,Completed,135.0
ORD-2025-1349,2025-05-03,CUST-117,128GB MicroSD Card,Storage,1,22.0,0.05,Completed,20.9
ORD-2025-1350,2025-06-02,CUST-280,Noise-Canceling Headphones,Audio,1,149.0,0.0,Completed,149.0
ORD-2025-1351,2025-02-03,CUST-155,USB-C Fast Cable (1m),Cables,2,12.0,0.1,Completed,21.6
ORD-2025-1352,2025-01-20,CUST-306,Studio Mic,Audio,1,85.0,0.0,Completed,85.0
ORD-2025-1353,2025-09-09,CUST-165,Bluetooth Speaker,Audio,1,55.0,0.0,Completed,55.0
ORD-2025-1354,2025-06-07,CUST-204,Multi-Port USB Hub,Cables,1,45.0,0.0,Completed,45.0
ORD-2025-1355,2025-01-22,CUST-123,USB-C Fast Cable (1m),Cables,2,12.0,0.0,Completed,24.0
ORD-2025-1356,2025-03-28,CUST-313,Studio Mic,Audio,1,85.0,0.15,Completed,72.25
ORD-2025-1357,2025-06-20,CUST-356,Magnetic Phone Mount,Mobile Accessories,1,20.0,0.05,Completed,19.0
ORD-2025-1358,2025-11-20,CUST-257,Screen Guard for Smartwatch,Wearables,2,8.0,0.0,Completed,16.0
ORD-2025-1359,2025-01-04,CUST-229,Wireless Earbuds,Audio,1,79.0,0.05,Completed,75.05
ORD-2025-1360,2025-09-29,CUST-357,Studio Mic,Audio,2,85.0,0.05,Completed,161.5
ORD-2025-1361,2025-04-20,CUST-161,Wireless Earbuds,Audio,1,79.0,0.05,Completed,75.05
ORD-2025-1362,2025-08-29,CUST-352,1TB External SSD,Storage,2,110.0,0.0,Completed,220.0
ORD-2025-1363,2025-11-07,CUST-175,Bluetooth Speaker,Audio,2,55.0,0.0,Completed,110.0
ORD-2025-1364,2025-10-18,CUST-258,USB-C Fast Cable (1m),Cables,4,12.0,0.0,Completed,48.0
ORD-2025-1365,2025-07-23,CUST-208,Replacement Watch Band,Wearables,1,15.0,0.0,Completed,15.0
ORD-2025-1366,2025-09-10,CUST-131,USB-C Fast Cable (1m),Cables,1,12.0,0.0,Completed,12.0
ORD-2025-1367,2025-08-16,CUST-326,Screen Protector,Mobile Accessories,1,10.0,0.05,Completed,9.5
ORD-2025-1368,2025-07-04,CUST-229,USB-C Fast Cable (1m),Cables,2,12.0,0.05,Completed,22.8
ORD-2025-1369,2025-02-13,CUST-380,Wireless Earbuds,Audio,4,79.0,0.1,Completed,284.4
ORD-2025-1370,2025-04-25,CUST-139,128GB MicroSD Card,Storage,2,22.0,0.0,Returned,44.0
ORD-2025-1371,2025-04-17,CUST-122,Fitness Tracker,Wearables,3,49.0,0.05,Completed,139.65
ORD-2025-1372,2025-07-12,CUST-172,1TB External SSD,Storage,1,110.0,0.0,Completed,110.0
ORD-2025-1373,2025-04-21,CUST-332,Bluetooth Speaker,Audio,1,55.0,0.1,Completed,49.5
ORD-2025-1374,2025-02-15,CUST-243,Screen Protector,Mobile Accessories,4,10.0,0.0,Completed,40.0
ORD-2025-1375,2025-06-10,CUST-132,Phone Case,Mobile Accessories,3,15.0,0.0,Completed,45.0
ORD-2025-1376,2025-07-01,CUST-239,USB-C Fast Cable (1m),Cables,1,12.0,0.0,Completed,12.0
ORD-2025-1377,2025-02-20,CUST-258,Screen Protector,Mobile Accessories,2,10.0,0.0,Completed,20.0
ORD-2025-1378,2025-03-26,CUST-360,Studio Mic,Audio,2,85.0,0.0,Completed,170.0
ORD-2025-1379,2025-12-13,CUST-188,128GB MicroSD Card,Storage,2,22.0,0.05,Completed,41.8
ORD-2025-1380,2025-02-24,CUST-327,64GB USB Flash Drive,Storage,1,12.0,0.05,Completed,11.4
ORD-2025-1381,2025-02-21,CUST-202,Replacement Watch Band,Wearables,1,15.0,0.05,Completed,14.25
ORD-2025-1382,2025-06-16,CUST-334,Wireless Charger,Mobile Accessories,1,35.0,0.05,Completed,33.25
ORD-2025-1383,2025-03-23,CUST-394,Wireless Charger,Mobile Accessories,2,35.0,0.05,Completed,66.5
ORD-2025-1384,2025-12-01,CUST-321,128GB MicroSD Card,Storage,1,22.0,0.1,Completed,19.8
ORD-2025-1385,2025-08-22,CUST-319,64GB USB Flash Drive,Storage,3,12.0,0.0,Completed,36.0
ORD-2025-1386,2025-01-10,CUST-399,HDMI 2.1 Cable (2m),Cables,3,18.0,0.0,Completed,54.0
ORD-2025-1387,2025-02-09,CUST-226,Fitness Tracker,Wearables,1,49.0,0.0,Completed,49.0
ORD-2025-1388,2025-01-10,CUST-383,Wireless Charger,Mobile Accessories,2,35.0,0.0,Completed,70.0
ORD-2025-1389,2025-02-01,CUST-300,Wireless Earbuds,Audio,2,79.0,0.0,Completed,158.0
ORD-2025-1390,2025-09-08,CUST-184,HDMI 2.1 Cable (2m),Cables,1,18.0,0.15,Completed,15.3
ORD-2025-1391,2025-10-21,CUST-144,Wireless Earbuds,Audio,5,79.0,0.0,Completed,395.0
ORD-2025-1392,2025-10-15,CUST-117,Smart Watch Sport,Wearables,1,199.0,0.0,Completed,199.0
ORD-2025-1393,2025-06-09,CUST-145,64GB USB Flash Drive,Storage,1,12.0,0.0,Completed,12.0
ORD-2025-1394,2025-03-07,CUST-321,Wireless Charger,Mobile Accessories,2,35.0,0.0,Completed,70.0
ORD-2025-1395,2025-06-06,CUST-107,Wireless Earbuds,Audio,4,79.0,0.0,Completed,316.0
ORD-2025-1396,2025-05-17,CUST-389,64GB USB Flash Drive,Storage,1,12.0,0.0,Completed,12.0
ORD-2025-1397,2025-12-04,CUST-391,Lightning Cable,Cables,1,15.0,0.0,Completed,15.0
ORD-2025-1398,2025-06-05,CUST-138,1TB External SSD,Storage,1,110.0,0.0,Completed,110.0
ORD-2025-1399,2025-05-13,CUST-342,Fitness Tracker,Wearables,1,49.0,0.05,Completed,46.55
ORD-2025-1400,2025-05-01,CUST-142,Phone Case,Mobile Accessories,1,15.0,0.05,Completed,14.25
ORD-2025-1401,2025-01-22,CUST-332,64GB USB Flash Drive,Storage,2,12.0,0.05,Completed,22.8
ORD-2025-1402,2025-07-12,CUST-343,Studio Mic,Audio,2,85.0,0.0,Completed,170.0
ORD-2025-1403,2025-05-19,CUST-132,Wireless Charger,Mobile Accessories,3,35.0,0.0,Returned,105.0
ORD-2025-1404,2025-05-27,CUST-284,Lightning Cable,Cables,1,15.0,0.0,Completed,15.0
ORD-2025-1405,2025-04-24,CUST-175,HDMI 2.1 Cable (2m),Cables,1,18.0,0.0,Completed,18.0
ORD-2025-1406,2025-10-20,CUST-289,HDMI 2.1 Cable (2m),Cables,1,18.0,0.0,Completed,18.0
ORD-2025-1407,2025-09-11,CUST-184,128GB MicroSD Card,Storage,2,22.0,0.05,Completed,41.8
ORD-2025-1408,2025-07-11,CUST-342,64GB USB Flash Drive,Storage,2,12.0,0.0,Completed,24.0
ORD-2025-1409,2025-10-25,CUST-214,Studio Mic,Audio,1,85.0,0.0,Completed,85.0
ORD-2025-1410,2025-10-12,CUST-387,Lightning Cable,Cables,1,15.0,0.0,Completed,15.0
ORD-2025-1411,2025-11-02,CUST-294,Phone Case,Mobile Accessories,2,15.0,0.0,Completed,30.0
ORD-2025-1412,2025-12-03,CUST-276,Screen Guard for Smartwatch,Wearables,2,8.0,0.05,Completed,15.2
ORD-2025-1413,2025-10-29,CUST-153,Phone Case,Mobile Accessories,1,15.0,0.0,Completed,15.0
ORD-2025-1414,2025-11-28,CUST-208,Magnetic Phone Mount,Mobile Accessories,1,20.0,0.1,Completed,18.0
ORD-2025-1415,2025-10-27,CUST-222,Smart Watch Sport,Wearables,1,199.0,0.0,Completed,199.0
ORD-2025-1416,2025-11-30,CUST-109,Screen Guard for Smartwatch,Wearables,1,8.0,0.05,Completed,7.6
ORD-2025-1417,2025-10-07,CUST-251,Replacement Watch Band,Wearables,2,15.0,0.1,Completed,27.0
ORD-2025-1418,2025-09-10,CUST-301,Bluetooth Speaker,Audio,2,55.0,0.0,Completed,110.0
ORD-2025-1419,2025-07-02,CUST-151,Screen Guard for Smartwatch,Wearables,1,8.0,0.0,Completed,8.0
ORD-2025-1420,2025-05-27,CUST-195,Screen Guard for Smartwatch,Wearables,1,8.0,0.0,Completed,8.0
ORD-2025-1421,2025-03-31,CUST-194,Bluetooth Speaker,Audio,1,55.0,0.0,Completed,55.0
ORD-2025-1422,2025-08-14,CUST-356,USB-C Fast Cable (1m),Cables,1,12.0,0.1,Completed,10.8
ORD-2025-1423,2025-09-23,CUST-270,128GB MicroSD Card,Storage,2,22.0,0.0,Completed,44.0
ORD-2025-1424,2025-11-18,CUST-245,Magnetic Phone Mount,Mobile Accessories,2,20.0,0.0,Completed,40.0
ORD-2025-1425,2025-04-16,CUST-217,Multi-Port USB Hub,Cables,1,45.0,0.0,Completed,45.0
ORD-2025-1426,2025-11-15,CUST-288,Fitness Tracker,Wearables,2,49.0,0.0,Completed,98.0
ORD-2025-1427,2025-03-23,CUST-269,Phone Case,Mobile Accessories,3,15.0,0.05,Completed,42.75
ORD-2025-1428,2025-07-05,CUST-376,1TB External SSD,Storage,1,110.0,0.05,Completed,104.5
ORD-2025-1429,2025-01-11,CUST-339,Screen Protector,Mobile Accessories,1,10.0,0.0,Completed,10.0
ORD-2025-1430,2025-01-27,CUST-255,Smart Watch Sport,Wearables,1,199.0,0.0,Completed,199.0
ORD-2025-1431,2025-12-03,CUST-259,128GB MicroSD Card,Storage,1,22.0,0.1,Completed,19.8
ORD-2025-1432,2025-12-21,CUST-150,1TB External SSD,Storage,2,110.0,0.0,Completed,220.0
ORD-2025-1433,2025-10-07,CUST-291,Lightning Cable,Cables,2,15.0,0.05,Completed,28.5
ORD-2025-1434,2025-11-05,CUST-311,USB-C Fast Cable (1m),Cables,1,12.0,0.0,Completed,12.0
ORD-2025-1435,2025-08-09,CUST-290,Smart Watch Sport,Wearables,1,199.0,0.0,Completed,199.0
ORD-2025-1436,2025-10-17,CUST-247,Noise-Canceling Headphones,Audio,3,149.0,0.05,Completed,424.65
ORD-2025-1437,2025-12-23,CUST-332,128GB MicroSD Card,Storage,3,22.0,0.0,Completed,66.0
ORD-2025-1438,2025-03-31,CUST-140,Wireless Charger,Mobile Accessories,2,35.0,0.0,Completed,70.0
ORD-2025-1439,2025-08-03,CUST-219,Smart Watch Sport,Wearables,1,199.0,0.1,Completed,179.1
ORD-2025-1440,2025-03-17,CUST-399,128GB MicroSD Card,Storage,1,22.0,0.0,Returned,22.0
ORD-2025-1441,2025-03-10,CUST-143,Fitness Tracker,Wearables,1,49.0,0.0,Completed,49.0
ORD-2025-1442,2025-09-16,CUST-157,USB-C Fast Cable (1m),Cables,1,12.0,0.0,Completed,12.0
ORD-2025-1443,2025-11-01,CUST-194,Bluetooth Speaker,Audio,1,55.0,0.05,Completed,52.25
ORD-2025-1444,2025-04-16,CUST-243,Studio Mic,Audio,1,85.0,0.0,Completed,85.0
ORD-2025-1445,2025-02-12,CUST-261,2TB HDD Backup,Storage,2,75.0,0.15,Completed,127.5
ORD-2025-1446,2025-10-01,CUST-332,Lightning Cable,Cables,3,15.0,0.0,Completed,45.0
ORD-2025-1447,2025-09-24,CUST-162,Studio Mic,Audio,1,85.0,0.0,Completed,85.0
ORD-2025-1448,2025-02-19,CUST-155,Magnetic Phone Mount,Mobile Accessories,1,20.0,0.0,Completed,20.0
ORD-2025-1449,2025-02-18,CUST-316,Noise-Canceling Headphones,Audio,1,149.0,0.0,Completed,149.0
ORD-2025-1450,2025-01-18,CUST-382,Studio Mic,Audio,1,85.0,0.05,Completed,80.75
ORD-2025-1451,2025-07-10,CUST-248,Screen Protector,Mobile Accessories,1,10.0,0.0,Completed,10.0
ORD-2025-1452,2025-05-25,CUST-113,Bluetooth Speaker,Audio,1,55.0,0.05,Completed,52.25
ORD-2025-1453,2025-08-15,CUST-364,Phone Case,Mobile Accessories,1,15.0,0.0,Completed,15.0
ORD-2025-1454,2025-11-25,CUST-397,64GB USB Flash Drive,Storage,2,12.0,0.0,Completed,24.0
ORD-2025-1455,2025-09-01,CUST-106,1TB External SSD,Storage,5,110.0,0.0,Completed,550.0
ORD-2025-1456,2025-08-06,CUST-204,Screen Protector,Mobile Accessories,1,10.0,0.0,Completed,10.0
ORD-2025-1457,2025-02-02,CUST-241,2TB HDD Backup,Storage,1,75.0,0.0,Completed,75.0
ORD-2025-1458,2025-05-11,CUST-367,Lightning Cable,Cables,2,15.0,0.0,Completed,30.0
ORD-2025-1459,2025-06-23,CUST-337,Wireless Charger,Mobile Accessories,1,35.0,0.0,Completed,35.0
ORD-2025-1460,2025-07-11,CUST-311,Wireless Charger,Mobile Accessories,1,35.0,0.05,Completed,33.25
ORD-2025-1461,2025-06-26,CUST-281,Multi-Port USB Hub,Cables,2,45.0,0.05,Completed,85.5
ORD-2025-1462,2025-06-21,CUST-136,Wireless Charger,Mobile Accessories,3,35.0,0.0,Completed,105.0
ORD-2025-1463,2025-12-07,CUST-140,Wireless Charger,Mobile Accessories,1,35.0,0.0,Completed,35.0
ORD-2025-1464,2025-02-28,CUST-121,Wireless Earbuds,Audio,3,79.0,0.0,Completed,237.0
ORD-2025-1465,2025-10-21,CUST-398,Screen Guard for Smartwatch,Wearables,2,8.0,0.0,Completed,16.0
ORD-2025-1466,2025-10-08,CUST-122,Magnetic Phone Mount,Mobile Accessories,1,20.0,0.0,Completed,20.0
ORD-2025-1467,2025-01-19,CUST-322,64GB USB Flash Drive,Storage,2,12.0,0.0,Completed,24.0
ORD-2025-1468,2025-12-30,CUST-386,2TB HDD Backup,Storage,1,75.0,0.1,Completed,67.5
ORD-2025-1469,2025-08-03,CUST-195,Magnetic Phone Mount,Mobile Accessories,3,20.0,0.1,Completed,54.0
ORD-2025-1470,2025-12-10,CUST-276,HDMI 2.1 Cable (2m),Cables,1,18.0,0.0,Completed,18.0
ORD-2025-1471,2025-11-09,CUST-253,128GB MicroSD Card,Storage,1,22.0,0.0,Completed,22.0
ORD-2025-1472,2025-10-21,CUST-257,Phone Case,Mobile Accessories,1,15.0,0.0,Completed,15.0
ORD-2025-1473,2025-09-29,CUST-348,Bluetooth Speaker,Audio,1,55.0,0.0,Completed,55.0
ORD-2025-1474,2025-12-18,CUST-367,64GB USB Flash Drive,Storage,1,12.0,0.05,Completed,11.4
ORD-2025-1475,2025-04-17,CUST-276,Wireless Charger,Mobile Accessories,3,35.0,0.0,Completed,105.0
ORD-2025-1476,2025-03-08,CUST-282,128GB MicroSD Card,Storage,1,22.0,0.0,Completed,22.0
ORD-2025-1477,2025-04-13,CUST-252,HDMI 2.1 Cable (2m),Cables,1,18.0,0.0,Completed,18.0
ORD-2025-1478,2025-11-05,CUST-135,Bluetooth Speaker,Audio,4,55.0,0.0,Completed,220.0
ORD-2025-1479,2025-11-11,CUST-256,Wireless Earbuds,Audio,1,79.0,0.0,Completed,79.0
ORD-2025-1480,2025-10-21,CUST-319,Noise-Canceling Headphones,Audio,1,149.0,0.0,Completed,149.0
ORD-2025-1481,2025-07-08,CUST-140,Wireless Charger,Mobile Accessories,1,35.0,0.0,Completed,35.0
ORD-2025-1482,2025-05-30,CUST-258,Wireless Charger,Mobile Accessories,1,35.0,0.0,Completed,35.0
ORD-2025-1483,2025-04-01,CUST-119,64GB USB Flash Drive,Storage,1,12.0,0.0,Completed,12.0
ORD-2025-1484,2025-12-16,CUST-315,Multi-Port USB Hub,Cables,2,45.0,0.1,Completed,81.0
ORD-2025-1485,2025-03-23,CUST-283,Magnetic Phone Mount,Mobile Accessories,1,20.0,0.0,Completed,20.0
ORD-2025-1486,2025-10-30,CUST-281,Multi-Port USB Hub,Cables,3,45.0,0.0,Completed,135.0
ORD-2025-1487,2025-02-03,CUST-144,64GB USB Flash Drive,Storage,1,12.0,0.0,Returned,12.0
ORD-2025-1488,2025-09-09,CUST-157,Wireless Charger,Mobile Accessories,1,35.0,0.0,Completed,35.0
ORD-2025-1489,2025-12-05,CUST-400,Fitness Tracker,Wearables,1,49.0,0.0,Completed,49.0
ORD-2025-1490,2025-09-02,CUST-332,1TB External SSD,Storage,1,110.0,0.05,Completed,104.5
ORD-2025-1491,2025-09-01,CUST-373,Studio Mic,Audio,1,85.0,0.1,Completed,76.5
ORD-2025-1492,2025-06-30,CUST-358,Studio Mic,Audio,1,85.0,0.0,Completed,85.0
ORD-2025-1493,2025-05-06,CUST-324,Studio Mic,Audio,2,85.0,0.0,Completed,170.0
ORD-2025-1494,2025-04-23,CUST-371,Bluetooth Speaker,Audio,1,55.0,0.0,Completed,55.0
ORD-2025-1495,2025-07-20,CUST-241,Screen Guard for Smartwatch,Wearables,2,8.0,0.1,Returned,14.4
ORD-2025-1496,2025-09-25,CUST-327,1TB External SSD,Storage,1,110.0,0.1,Completed,99.0
ORD-2025-1497,2025-08-02,CUST-149,64GB USB Flash Drive,Storage,2,12.0,0.0,Completed,24.0
ORD-2025-1498,2025-04-12,CUST-379,Noise-Canceling Headphones,Audio,1,149.0,0.0,Returned,149.0
ORD-2025-1499,2025-01-12,CUST-204,Smart Watch Sport,Wearables,1,199.0,0.0,Completed,199.0
ORD-2025-1500,2025-12-24,CUST-181,Replacement Watch Band,Wearables,2,15.0,0.0,Completed,30.0
ORD-2025-1501,2025-12-13,CUST-122,128GB MicroSD Card,Storage,1,22.0,0.0,Completed,22.0
ORD-2025-1502,2025-10-24,CUST-287,1TB External SSD,Storage,1,110.0,0.1,Completed,99.0
ORD-2025-1503,2025-05-07,CUST-254,Wireless Earbuds,Audio,1,79.0,0.0,Completed,79.0
ORD-2025-1504,2025-01-31,CUST-343,128GB MicroSD Card,Storage,1,22.0,0.0,Completed,22.0
ORD-2025-1505,2025-11-06,CUST-134,Bluetooth Speaker,Audio,1,55.0,0.0,Returned,55.0
ORD-2025-1506,2025-12-24,CUST-274,1TB External SSD,Storage,1,110.0,0.15,Completed,93.5
ORD-2025-1507,2025-03-09,CUST-312,Bluetooth Speaker,Audio,1,55.0,0.0,Completed,55.0
ORD-2025-1508,2025-11-05,CUST-162,Studio Mic,Audio,3,85.0,0.0,Completed,255.0
ORD-2025-1509,2025-07-21,CUST-283,Studio Mic,Audio,2,85.0,0.1,Completed,153.0
ORD-2025-1510,2025-12-30,CUST-160,Multi-Port USB Hub,Cables,1,45.0,0.0,Returned,45.0
ORD-2025-1511,2025-10-08,CUST-165,HDMI 2.1 Cable (2m),Cables,2,18.0,0.0,Completed,36.0
ORD-2025-1512,2025-02-27,CUST-319,Screen Guard for Smartwatch,Wearables,2,8.0,0.0,Completed,16.0
ORD-2025-1513,2025-09-12,CUST-265,Phone Case,Mobile Accessories,1,15.0,0.15,Completed,12.75
ORD-2025-1514,2025-05-01,CUST-383,128GB MicroSD Card,Storage,2,22.0,0.0,Completed,44.0
ORD-2025-1515,2025-02-20,CUST-324,Multi-Port USB Hub,Cables,1,45.0,0.1,Completed,40.5
ORD-2025-1516,2025-12-13,CUST-181,Smart Watch Sport,Wearables,1,199.0,0.0,Completed,199.0
ORD-2025-1517,2025-08-12,CUST-332,Replacement Watch Band,Wearables,1,15.0,0.1,Completed,13.5
ORD-2025-1518,2025-07-07,CUST-129,128GB MicroSD Card,Storage,2,22.0,0.0,Completed,44.0
ORD-2025-1519,2025-10-05,CUST-175,Wireless Charger,Mobile Accessories,3,35.0,0.0,Completed,105.0
ORD-2025-1520,2025-11-14,CUST-146,Screen Protector,Mobile Accessories,1,10.0,0.05,Completed,9.5
ORD-2025-1521,2025-04-27,CUST-197,Screen Protector,Mobile Accessories,1,10.0,0.0,Completed,10.0
ORD-2025-1522,2025-03-05,CUST-144,Screen Guard for Smartwatch,Wearables,1,8.0,0.0,Completed,8.0
ORD-2025-1523,2025-02-16,CUST-187,Lightning Cable,Cables,2,15.0,0.0,Completed,30.0
ORD-2025-1524,2025-12-08,CUST-257,Phone Case,Mobile Accessories,3,15.0,0.0,Completed,45.0
ORD-2025-1525,2025-06-25,CUST-188,Wireless Earbuds,Audio,1,79.0,0.05,Completed,75.05
ORD-2025-1526,2025-03-12,CUST-302,Studio Mic,Audio,1,85.0,0.1,Completed,76.5
ORD-2025-1527,2025-11-26,CUST-222,Multi-Port USB Hub,Cables,1,45.0,0.0,Returned,45.0
ORD-2025-1528,2025-10-10,CUST-105,USB-C Fast Cable (1m),Cables,1,12.0,0.0,Completed,12.0
ORD-2025-1529,2025-11-24,CUST-107,Wireless Earbuds,Audio,1,79.0,0.0,Returned,79.0
ORD-2025-1530,2025-03-30,CUST-322,64GB USB Flash Drive,Storage,2,12.0,0.0,Completed,24.0
ORD-2025-1531,2025-03-24,CUST-320,1TB External SSD,Storage,1,110.0,0.1,Completed,99.0
ORD-2025-1532,2025-04-16,CUST-387,Screen Guard for Smartwatch,Wearables,1,8.0,0.0,Completed,8.0
ORD-2025-1533,2025-08-31,CUST-393,Smart Watch Sport,Wearables,1,199.0,0.0,Completed,199.0
ORD-2025-1534,2025-07-05,CUST-154,Noise-Canceling Headphones,Audio,1,149.0,0.0,Completed,149.0
ORD-2025-1535,2025-11-14,CUST-390,Wireless Charger,Mobile Accessories,2,35.0,0.1,Completed,63.0
ORD-2025-1536,2025-01-20,CUST-371,Wireless Earbuds,Audio,4,79.0,0.0,Completed,316.0
ORD-2025-1537,2025-05-12,CUST-381,Magnetic Phone Mount,Mobile Accessories,1,20.0,0.0,Completed,20.0
ORD-2025-1538,2025-06-20,CUST-289,2TB HDD Backup,Storage,1,75.0,0.05,Completed,71.25
ORD-2025-1539,2025-02-12,CUST-390,2TB HDD Backup,Storage,2,75.0,0.0,Completed,150.0
ORD-2025-1540,2025-04-03,CUST-381,Fitness Tracker,Wearables,3,49.0,0.0,Completed,147.0
ORD-2025-1541,2025-05-19,CUST-287,64GB USB Flash Drive,Storage,2,12.0,0.0,Completed,24.0
ORD-2025-1542,2025-01-03,CUST-200,64GB USB Flash Drive,Storage,1,12.0,0.0,Completed,12.0
ORD-2025-1543,2025-11-03,CUST-108,HDMI 2.1 Cable (2m),Cables,1,18.0,0.0,Completed,18.0
ORD-2025-1544,2025-11-24,CUST-281,Smart Watch Sport,Wearables,1,199.0,0.0,Completed,199.0
ORD-2025-1545,2025-01-24,CUST-193,Wireless Charger,Mobile Accessories,2,35.0,0.0,Completed,70.0
ORD-2025-1546,2025-01-21,CUST-298,Studio Mic,Audio,2,85.0,0.05,Completed,161.5
ORD-2025-1547,2025-02-18,CUST-313,2TB HDD Backup,Storage,2,75.0,0.0,Completed,150.0
ORD-2025-1548,2025-04-19,CUST-149,Magnetic Phone Mount,Mobile Accessories,1,20.0,0.1,Completed,18.0
ORD-2025-1549,2025-03-03,CUST-350,HDMI 2.1 Cable (2m),Cables,1,18.0,0.05,Completed,17.1
ORD-2025-1550,2025-09-13,CUST-160,Bluetooth Speaker,Audio,1,55.0,0.0,Completed,55.0
ORD-2025-1551,2025-04-21,CUST-317,Multi-Port USB Hub,Cables,1,45.0,0.0,Completed,45.0
ORD-2025-1552,2025-11-27,CUST-399,1TB External SSD,Storage,1,110.0,0.0,Completed,110.0
ORD-2025-1553,2025-11-18,CUST-113,Replacement Watch Band,Wearables,1,15.0,0.0,Completed,15.0
ORD-2025-1554,2025-01-16,CUST-318,Noise-Canceling Headphones,Audio,1,149.0,0.1,Completed,134.1
ORD-2025-1555,2025-04-21,CUST-284,Phone Case,Mobile Accessories,1,15.0,0.15,Completed,12.75
ORD-2025-1556,2025-02-26,CUST-188,Lightning Cable,Cables,3,15.0,0.0,Completed,45.0
ORD-2025-1557,2025-08-17,CUST-314,1TB External SSD,Storage,1,110.0,0.1,Completed,99.0
ORD-2025-1558,2025-10-24,CUST-166,1TB External SSD,Storage,1,110.0,0.0,Returned,110.0
ORD-2025-1559,2025-08-28,CUST-296,Replacement Watch Band,Wearables,2,15.0,0.0,Completed,30.0
ORD-2025-1560,2025-01-06,CUST-208,Phone Case,Mobile Accessories,4,15.0,0.05,Completed,57.0
ORD-2025-1561,2025-11-22,CUST-291,USB-C Fast Cable (1m),Cables,2,12.0,0.0,Completed,24.0
ORD-2025-1562,2025-07-01,CUST-197,128GB MicroSD Card,Storage,2,22.0,0.0,Completed,44.0
ORD-2025-1563,2025-04-26,CUST-339,128GB MicroSD Card,Storage,1,22.0,0.0,Completed,22.0
ORD-2025-1564,2025-06-11,CUST-153,Phone Case,Mobile Accessories,1,15.0,0.0,Completed,15.0
ORD-2025-1565,2025-08-07,CUST-254,1TB External SSD,Storage,1,110.0,0.0,Completed,110.0
ORD-2025-1566,2025-02-04,CUST-223,Wireless Charger,Mobile Accessories,1,35.0,0.1,Completed,31.5
ORD-2025-1567,2025-12-18,CUST-133,Fitness Tracker,Wearables,1,49.0,0.0,Completed,49.0
ORD-2025-1568,2025-06-30,CUST-324,Bluetooth Speaker,Audio,2,55.0,0.0,Completed,110.0
ORD-2025-1569,2025-08-25,CUST-398,Wireless Earbuds,Audio,1,79.0,0.1,Completed,71.1
ORD-2025-1570,2025-01-27,CUST-174,Bluetooth Speaker,Audio,1,55.0,0.0,Completed,55.0
ORD-2025-1571,2025-11-04,CUST-222,Studio Mic,Audio,2,85.0,0.0,Completed,170.0
ORD-2025-1572,2025-04-15,CUST-355,Magnetic Phone Mount,Mobile Accessories,2,20.0,0.0,Completed,40.0
ORD-2025-1573,2025-12-02,CUST-338,Screen Protector,Mobile Accessories,1,10.0,0.0,Completed,10.0
ORD-2025-1574,2025-05-31,CUST-122,Magnetic Phone Mount,Mobile Accessories,4,20.0,0.05,Completed,76.0
ORD-2025-1575,2025-05-05,CUST-296,USB-C Fast Cable (1m),Cables,1,12.0,0.05,Completed,11.4
ORD-2025-1576,2025-01-09,CUST-335,Replacement Watch Band,Wearables,1,15.0,0.05,Completed,14.25
ORD-2025-1577,2025-08-29,CUST-196,Multi-Port USB Hub,Cables,3,45.0,0.0,Completed,135.0
ORD-2025-1578,2025-08-28,CUST-374,Phone Case,Mobile Accessories,1,15.0,0.0,Completed,15.0
ORD-2025-1579,2025-03-30,CUST-366,2TB HDD Backup,Storage,3,75.0,0.0,Completed,225.0
ORD-2025-1580,2025-07-01,CUST-232,Magnetic Phone Mount,Mobile Accessories,2,20.0,0.0,Completed,40.0
ORD-2025-1581,2025-01-18,CUST-262,Studio Mic,Audio,2,85.0,0.0,Completed,170.0
ORD-2025-1582,2025-11-27,CUST-155,Multi-Port USB Hub,Cables,1,45.0,0.1,Completed,40.5
ORD-2025-1583,2025-09-09,CUST-275,Replacement Watch Band,Wearables,1,15.0,0.0,Completed,15.0
ORD-2025-1584,2025-01-24,CUST-273,Lightning Cable,Cables,2,15.0,0.05,Completed,28.5
ORD-2025-1585,2025-03-19,CUST-230,Wireless Earbuds,Audio,1,79.0,0.0,Completed,79.0
ORD-2025-1586,2025-08-18,CUST-281,Fitness Tracker,Wearables,1,49.0,0.0,Completed,49.0
ORD-2025-1587,2025-11-14,CUST-318,Multi-Port USB Hub,Cables,1,45.0,0.0,Completed,45.0
ORD-2025-1588,2025-08-10,CUST-303,Multi-Port USB Hub,Cables,2,45.0,0.0,Completed,90.0
ORD-2025-1589,2025-04-26,CUST-357,Noise-Canceling Headphones,Audio,1,149.0,0.0,Completed,149.0
ORD-2025-1590,2025-03-05,CUST-222,Studio Mic,Audio,2,85.0,0.05,Completed,161.5
ORD-2025-1591,2025-10-15,CUST-323,Lightning Cable,Cables,3,15.0,0.15,Completed,38.25
ORD-2025-1592,2025-02-28,CUST-353,Multi-Port USB Hub,Cables,2,45.0,0.0,Completed,90.0
ORD-2025-1593,2025-05-11,CUST-215,USB-C Fast Cable (1m),Cables,1,12.0,0.0,Returned,12.0
ORD-2025-1594,2025-08-19,CUST-147,Multi-Port USB Hub,Cables,2,45.0,0.0,Returned,90.0
ORD-2025-1595,2025-12-04,CUST-331,Lightning Cable,Cables,1,15.0,0.0,Completed,15.0
ORD-2025-1596,2025-03-23,CUST-200,Phone Case,Mobile Accessories,1,15.0,0.15,Completed,12.75
ORD-2025-1597,2025-01-17,CUST-340,HDMI 2.1 Cable (2m),Cables,2,18.0,0.15,Completed,30.6
ORD-2025-1598,2025-05-06,CUST-280,Lightning Cable,Cables,1,15.0,0.05,Completed,14.25
ORD-2025-1599,2025-04-19,CUST-121,128GB MicroSD Card,Storage,3,22.0,0.0,Completed,66.0
ORD-2025-1600,2025-09-13,CUST-293,1TB External SSD,Storage,1,110.0,0.0,Returned,110.0
ORD-2025-1601,2025-01-01,CUST-267,Screen Protector,Mobile Accessories,2,10.0,0.0,Completed,20.0
ORD-2025-1602,2025-11-08,CUST-392,USB-C Fast Cable (1m),Cables,2,12.0,0.1,Completed,21.6
ORD-2025-1603,2025-11-09,CUST-344,Bluetooth Speaker,Audio,2,55.0,0.0,Completed,110.0
ORD-2025-1604,2025-08-20,CUST-208,Screen Protector,Mobile Accessories,1,10.0,0.0,Completed,10.0
ORD-2025-1605,2025-10-17,CUST-288,Fitness Tracker,Wearables,2,49.0,0.1,Completed,88.2
ORD-2025-1606,2025-08-24,CUST-117,Phone Case,Mobile Accessories,2,15.0,0.0,Completed,30.0
ORD-2025-1607,2025-09-22,CUST-170,Smart Watch Sport,Wearables,1,199.0,0.0,Completed,199.0
ORD-2025-1608,2025-11-19,CUST-149,Noise-Canceling Headphones,Audio,2,149.0,0.0,Completed,298.0
ORD-2025-1609,2025-05-29,CUST-326,Replacement Watch Band,Wearables,1,15.0,0.0,Completed,15.0
ORD-2025-1610,2025-03-21,CUST-133,1TB External SSD,Storage,2,110.0,0.0,Completed,220.0
ORD-2025-1611,2025-05-29,CUST-383,Bluetooth Speaker,Audio,1,55.0,0.05,Completed,52.25
ORD-2025-1612,2025-07-18,CUST-288,USB-C Fast Cable (1m),Cables,1,12.0,0.0,Completed,12.0
ORD-2025-1613,2025-12-23,CUST-220,1TB External SSD,Storage,2,110.0,0.0,Completed,220.0
ORD-2025-1614,2025-05-30,CUST-139,Studio Mic,Audio,1,85.0,0.0,Completed,85.0
ORD-2025-1615,2025-01-30,CUST-360,Smart Watch Sport,Wearables,2,199.0,0.0,Returned,398.0
ORD-2025-1616,2025-03-02,CUST-285,128GB MicroSD Card,Storage,1,22.0,0.0,Completed,22.0
ORD-2025-1617,2025-07-04,CUST-378,Smart Watch Sport,Wearables,2,199.0,0.05,Completed,378.1
ORD-2025-1618,2025-03-15,CUST-286,Lightning Cable,Cables,2,15.0,0.0,Completed,30.0
ORD-2025-1619,2025-11-06,CUST-284,1TB External SSD,Storage,1,110.0,0.0,Completed,110.0
ORD-2025-1620,2025-12-23,CUST-208,Magnetic Phone Mount,Mobile Accessories,1,20.0,0.1,Completed,18.0
ORD-2025-1621,2025-07-08,CUST-386,Multi-Port USB Hub,Cables,2,45.0,0.0,Completed,90.0
ORD-2025-1622,2025-06-06,CUST-398,Wireless Charger,Mobile Accessories,2,35.0,0.0,Completed,70.0
ORD-2025-1623,2025-08-17,CUST-179,Replacement Watch Band,Wearables,4,15.0,0.0,Completed,60.0
ORD-2025-1624,2025-03-26,CUST-244,Lightning Cable,Cables,4,15.0,0.0,Completed,60.0
ORD-2025-1625,2025-12-06,CUST-239,1TB External SSD,Storage,1,110.0,0.0,Completed,110.0
ORD-2025-1626,2025-02-09,CUST-207,Bluetooth Speaker,Audio,1,55.0,0.1,Completed,49.5
ORD-2025-1627,2025-09-17,CUST-281,Bluetooth Speaker,Audio,1,55.0,0.0,Completed,55.0
ORD-2025-1628,2025-03-16,CUST-216,64GB USB Flash Drive,Storage,1,12.0,0.1,Completed,10.8
ORD-2025-1629,2025-09-22,CUST-161,Bluetooth Speaker,Audio,1,55.0,0.0,Completed,55.0
ORD-2025-1630,2025-12-25,CUST-121,Magnetic Phone Mount,Mobile Accessories,1,20.0,0.0,Returned,20.0
ORD-2025-1631,2025-07-15,CUST-346,Wireless Charger,Mobile Accessories,4,35.0,0.0,Completed,140.0
ORD-2025-1632,2025-12-02,CUST-203,Phone Case,Mobile Accessories,2,15.0,0.0,Completed,30.0
ORD-2025-1633,2025-05-13,CUST-214,2TB HDD Backup,Storage,1,75.0,0.0,Completed,75.0
ORD-2025-1634,2025-09-15,CUST-299,Screen Guard for Smartwatch,Wearables,2,8.0,0.0,Completed,16.0
ORD-2025-1635,2025-02-13,CUST-277,Magnetic Phone Mount,Mobile Accessories,1,20.0,0.0,Completed,20.0
ORD-2025-1636,2025-03-25,CUST-176,2TB HDD Backup,Storage,1,75.0,0.0,Completed,75.0
ORD-2025-1637,2025-04-14,CUST-289,Smart Watch Sport,Wearables,1,199.0,0.0,Completed,199.0
ORD-2025-1638,2025-12-04,CUST-289,USB-C Fast Cable (1m),Cables,2,12.0,0.0,Completed,24.0
ORD-2025-1639,2025-10-29,CUST-188,Studio Mic,Audio,1,85.0,0.0,Completed,85.0
ORD-2025-1640,2025-04-05,CUST-254,Multi-Port USB Hub,Cables,1,45.0,0.0,Completed,45.0
ORD-2025-1641,2025-04-16,CUST-113,Screen Protector,Mobile Accessories,1,10.0,0.1,Completed,9.0
ORD-2025-1642,2025-12-09,CUST-104,Bluetooth Speaker,Audio,1,55.0,0.05,Completed,52.25
ORD-2025-1643,2025-02-08,CUST-279,Multi-Port USB Hub,Cables,5,45.0,0.05,Completed,213.75
ORD-2025-1644,2025-02-05,CUST-300,2TB HDD Backup,Storage,2,75.0,0.0,Completed,150.0
ORD-2025-1645,2025-07-18,CUST-168,Replacement Watch Band,Wearables,3,15.0,0.0,Completed,45.0
ORD-2025-1646,2025-10-28,CUST-274,Smart Watch Sport,Wearables,1,199.0,0.0,Completed,199.0
ORD-2025-1647,2025-06-16,CUST-143,Lightning Cable,Cables,3,15.0,0.15,Completed,38.25
ORD-2025-1648,2025-09-28,CUST-268,Screen Guard for Smartwatch,Wearables,1,8.0,0.0,Completed,8.0
ORD-2025-1649,2025-02-22,CUST-386,2TB HDD Backup,Storage,2,75.0,0.0,Completed,150.0
ORD-2025-1650,2025-12-07,CUST-358,Phone Case,Mobile Accessories,3,15.0,0.0,Completed,45.0
